{
   "dashboards": [{
      "autoswitchEnabled": false,
      "columnCount": 1,
      "columnProportion": "1",
      "creationTime": 1568316707390,
      "dashboardNavigations": {},
      "description": "",
      "disabled": false,
      "gridsterMaxColumns": 12,
      "hidden": false,
      "homeTab": false,
      "id": "b4a06cba-5eed-4d62-8f64-26dc02dd868a",
      "importAttempts": 0,
      "importComplete": true,
      "isDefault": false,
      "locked": false,
      "name": "VM Disk Performance per Cluster",
      "namePath": "Example Dashboards (GBrandon)",
      "rank": 12,
      "shared": true,
      "states": [{
         "key": "permDashboardTime_dashboard_b4a06cba-5eed-4d62-8f64-26dc02dd868a",
         "value": "o%3AdateRange%3Ds%253Alast6Hour%5EdateRangeText%3Ds%253A6H"
      }],
      "temporary": false,
      "userId": "5b58655d-e551-45af-91b0-9df8cd5bb51d",
      "widgetInteractions": [
         {
            "type": "resourceId",
            "widgetIdProvider": "2ca6bc2a-fa83-4446-804a-907b357eccfb",
            "widgetIdReceiver": "240ecfe2-d330-4530-9ee8-353616797f73"
         },
         {
            "type": "resourceId",
            "widgetIdProvider": "2ca6bc2a-fa83-4446-804a-907b357eccfb",
            "widgetIdReceiver": "dc0257c1-c83c-420a-a081-825d749dc33d"
         },
         {
            "type": "resourceId",
            "widgetIdProvider": "2ca6bc2a-fa83-4446-804a-907b357eccfb",
            "widgetIdReceiver": "cd950620-41ef-4a2b-b492-a1697eb45607"
         },
         {
            "type": "resourceId",
            "widgetIdProvider": "2ca6bc2a-fa83-4446-804a-907b357eccfb",
            "widgetIdReceiver": "e75ed610-0f4b-48ce-a5a6-4515b4442a77"
         },
         {
            "type": "resourceId",
            "widgetIdProvider": "2ca6bc2a-fa83-4446-804a-907b357eccfb",
            "widgetIdReceiver": "dfcce52b-78ac-495c-848e-1fad266b69ca"
         },
         {
            "type": "resourceId",
            "widgetIdProvider": "2ca6bc2a-fa83-4446-804a-907b357eccfb",
            "widgetIdReceiver": "20219d37-b15b-4d64-bb79-8e1cc82b8697"
         }
      ],
      "widgets": [
         {
            "collapsed": false,
            "config": {
               "additionalColumns": [],
               "customFilter": {
                  "excludedResources": null,
                  "filter": [],
                  "includedResources": null
               },
               "depth": 1,
               "filterMode": "tagPicker",
               "mode": "all",
               "refreshContent": {"refreshContent": false},
               "refreshInterval": 300,
               "relationshipMode": {"relationshipMode": 0},
               "resource": [],
               "selectFirstRow": {"selectFirstRow": false},
               "selfProvider": {"selfProvider": true},
               "tagFilter": {
                  "path": ["/source/kind/kind:resourceKind:id:0_::_"],
                  "value": {
                     "adapterInstance": [],
                     "adapterKind": [],
                     "bus": [],
                     "collector": [],
                     "day": [],
                     "exclaim": false,
                     "healthRange": [],
                     "kind": ["resourceKind:id:0_::_"],
                     "maintenanceSchedule": [],
                     "state": [],
                     "status": [],
                     "tag": [],
                     "tier": []
                  }
               },
               "title": "Object List"
            },
            "gridsterCoords": {
               "h": 5,
               "w": 12,
               "x": 1,
               "y": 1
            },
            "height": 267,
            "id": "2ca6bc2a-fa83-4446-804a-907b357eccfb",
            "states": [
               {
                  "key": "perm_toolbarVisible_widget_b4a06cba-5eed-4d62-8f64-26dc02dd868a_2ca6bc2a-fa83-4446-804a-907b357eccfb",
                  "value": "b%3A1"
               },
               {
                  "key": "permResGrid_widget_b4a06cba-5eed-4d62-8f64-26dc02dd868a_2ca6bc2a-fa83-4446-804a-907b357eccfb",
                  "value": "o%3Acolumns%3Da%253Ao%25253Aid%25253Ds%2525253Ah1%25255Ehidden%25253Db%2525253A1%25255Ewidth%25253Dn%2525253A100%255Eo%25253Aid%25253Ds%2525253Ah2%255Eo%25253Aid%25253Ds%2525253Ah3%25255Ehidden%25253Db%2525253A1%25255Ewidth%25253Dn%2525253A100%255Eo%25253Aid%25253Ds%2525253Ah4%255Eo%25253Aid%25253Ds%2525253Ah5%255Eo%25253Aid%25253Ds%2525253Ah6%255Eo%25253Aid%25253Ds%2525253Ah7%25255Ehidden%25253Db%2525253A1%25255Ewidth%25253Dn%2525253A100%255Eo%25253Aid%25253Ds%2525253Ah8%25255Ehidden%25253Db%2525253A1%25255Ewidth%25253Dn%2525253A100%255Eo%25253Aid%25253Ds%2525253Ah9%25255Ehidden%25253Db%2525253A1%25255Ewidth%25253Dn%2525253A100%255Eo%25253Aid%25253Ds%2525253Ah10%25255Ehidden%25253Db%2525253A1%25255Ewidth%25253Dn%2525253A100%255Eo%25253Aid%25253Ds%2525253Ah11%25255Ehidden%25253Db%2525253A1%25255Ewidth%25253Dn%2525253A100%255Eo%25253Aid%25253Ds%2525253Ah12%25255Ehidden%25253Db%2525253A1%25255Ewidth%25253Dn%2525253A100%255Eo%25253Aid%25253Ds%2525253Ah13%25255Ehidden%25253Db%2525253A1%25255Ewidth%25253Dn%2525253A100%255Eo%25253Aid%25253Ds%2525253Ah14%255Eo%25253Aid%25253Ds%2525253Ah15%25255Ehidden%25253Db%2525253A0%255Eo%25253Aid%25253Ds%2525253Ah16%25255Ehidden%25253Db%2525253A1%25255Ewidth%25253Dn%2525253A100%255Eo%25253Aid%25253Ds%2525253Ah17%25255Ehidden%25253Db%2525253A1%25255Ewidth%25253Dn%2525253A100%255Eo%25253Aid%25253Ds%2525253Ah18%25255Ehidden%25253Db%2525253A1%25255Ewidth%25253Dn%2525253A100%255Eo%25253Aid%25253Ds%2525253Ah19%25255Ehidden%25253Db%2525253A1%25255Ewidth%25253Dn%2525253A100%255Eo%25253Aid%25253Ds%2525253Ah20%25255Ehidden%25253Db%2525253A1%25255Ewidth%25253Dn%2525253A100%255Eo%25253Aid%25253Ds%2525253Ah21%25255Ehidden%25253Db%2525253A1%25255Ewidth%25253Dn%2525253A100%255Eo%25253Aid%25253Ds%2525253Ah22%25255Ehidden%25253Db%2525253A1%25255Ewidth%25253Dn%2525253A100%255Eo%25253Aid%25253Ds%2525253Ah23%25255Ehidden%25253Db%2525253A1%25255Ewidth%25253Dn%2525253A100%255Eo%25253Aid%25253Ds%2525253Ah24%25255Ehidden%25253Db%2525253A1%25255Ewidth%25253Dn%2525253A100%255Eo%25253Aid%25253Ds%2525253Ah25%25255Ehidden%25253Db%2525253A1%25255Ewidth%25253Dn%2525253A100%255Eo%25253Aid%25253Ds%2525253Ah26%25255Ehidden%25253Db%2525253A1%25255Ewidth%25253Dn%2525253A100%255Eo%25253Aid%25253Ds%2525253Ah27%25255Ehidden%25253Db%2525253A1%25255Ewidth%25253Dn%2525253A100%255Eo%25253Aid%25253Ds%2525253Ah28%25255Ehidden%25253Db%2525253A1%25255Ewidth%25253Dn%2525253A100%255Eo%25253Aid%25253Ds%2525253Ah29%25255Ehidden%25253Db%2525253A1%25255Ewidth%25253Dn%2525253A100%255Eo%25253Aid%25253Ds%2525253Ah30%25255Ehidden%25253Db%2525253A1%25255Ewidth%25253Dn%2525253A100%255Eo%25253Aid%25253Ds%2525253Ah31%25255Ehidden%25253Db%2525253A1%25255Ewidth%25253Dn%2525253A100%255Eo%25253Aid%25253Ds%2525253Ah32%25255Ehidden%25253Db%2525253A1%25255Ewidth%25253Dn%2525253A100%255Eo%25253Aid%25253Ds%2525253Ah33%25255Ehidden%25253Db%2525253A1%25255Ewidth%25253Dn%2525253A100%255Eo%25253Aid%25253Ds%2525253Ah34%25255Ehidden%25253Db%2525253A1%25255Ewidth%25253Dn%2525253A100%255Eo%25253Aid%25253Ds%2525253Ah35%25255Ehidden%25253Db%2525253A1%25255Ewidth%25253Dn%2525253A100%255Eo%25253Aid%25253Ds%2525253Ah36%25255Ehidden%25253Db%2525253A1%25255Ewidth%25253Dn%2525253A100%255Eo%25253Aid%25253Ds%2525253Ah37%25255Ehidden%25253Db%2525253A1%25255Ewidth%25253Dn%2525253A100%255Eo%25253Aid%25253Ds%2525253Ah38%25255Ehidden%25253Db%2525253A1%25255Ewidth%25253Dn%2525253A100%255Eo%25253Aid%25253Ds%2525253Ah39%25255Ehidden%25253Db%2525253A1%25255Ewidth%25253Dn%2525253A100%255Eo%25253Aid%25253Ds%2525253Ah40%25255Ehidden%25253Db%2525253A1%25255Ewidth%25253Dn%2525253A100%255Eo%25253Aid%25253Ds%2525253Ah41%25255Ehidden%25253Db%2525253A1%25255Ewidth%25253Dn%2525253A100%255Eo%25253Aid%25253Ds%2525253Ah42%25255Ehidden%25253Db%2525253A1%25255Ewidth%25253Dn%2525253A100%255Eo%25253Aid%25253Ds%2525253Ah43%25255Ehidden%25253Db%2525253A1%25255Ewidth%25253Dn%2525253A100%255Eo%25253Aid%25253Ds%2525253Ah44%25255Ehidden%25253Db%2525253A1%25255Ewidth%25253Dn%2525253A100%255Eo%25253Aid%25253Ds%2525253Ah45%25255Ehidden%25253Db%2525253A1%25255Ewidth%25253Dn%2525253A100%255Eo%25253Aid%25253Ds%2525253Ah46%25255Ehidden%25253Db%2525253A1%25255Ewidth%25253Dn%2525253A100"
               },
               {
                  "key": "permPaginationNumber_permResGrid_widget_b4a06cba-5eed-4d62-8f64-26dc02dd868a_2ca6bc2a-fa83-4446-804a-907b357eccfb",
                  "value": "n%3A1000"
               }
            ],
            "title": "Object List",
            "type": "ResourceList"
         },
         {
            "collapsed": false,
            "config": {
               "customFilter": {
                  "excludedResources": null,
                  "filter": [],
                  "includedResources": null
               },
               "depth": 10,
               "metric": {
                  "mode": "resourceKind",
                  "resourceKindMetrics": [{
                     "colorMethod": 2,
                     "id": "extModel4199-2",
                     "isStringMetric": false,
                     "metricKey": "virtualDisk:Aggregate of all instances|totalReadLatency_average",
                     "metricName": "Virtual Disk:Aggregate of all Instances|Read Latency",
                     "metricUnitId": "msec",
                     "orangeBound": null,
                     "redBound": null,
                     "resourceKindId": "resourceKind:id:1_::_",
                     "resourceKindName": "Virtual Machine",
                     "unit": "ms",
                     "yellowBound": null
                  }],
                  "resourceMetrics": [],
                  "subMode": "resourceKindAll"
               },
               "refreshContent": {"refreshContent": false},
               "refreshInterval": 300,
               "relationshipMode": {"relationshipMode": -1},
               "resInteractionMode": null,
               "resource": [],
               "selfProvider": {"selfProvider": false},
               "title": "Read Latency"
            },
            "gridsterCoords": {
               "h": 9,
               "w": 6,
               "x": 1,
               "y": 6
            },
            "height": 495,
            "id": "240ecfe2-d330-4530-9ee8-353616797f73",
            "states": [
               {
                  "key": "permBtn_zoomAllGraphs_permMetricChart_widget_b4a06cba-5eed-4d62-8f64-26dc02dd868a_240ecfe2-d330-4530-9ee8-353616797f73",
                  "value": "b%3A0"
               },
               {
                  "key": "permDateRange1_permMetricChart_widget_b4a06cba-5eed-4d62-8f64-26dc02dd868a_240ecfe2-d330-4530-9ee8-353616797f73",
                  "value": "s%3A%7B%22dateRange%22%3A%22dashboardTime%22%2C%22dateFrom%22%3Anull%2C%22dateTo%22%3Anull%2C%22timeFrom%22%3Anull%2C%22timeTo%22%3Anull%7D"
               },
               {
                  "key": "permBtn_stackedGraph_permMetricChart_widget_b4a06cba-5eed-4d62-8f64-26dc02dd868a_240ecfe2-d330-4530-9ee8-353616797f73",
                  "value": "b%3A1"
               },
               {
                  "key": "permBtn_pan_permMetricChart_widget_b4a06cba-5eed-4d62-8f64-26dc02dd868a_240ecfe2-d330-4530-9ee8-353616797f73",
                  "value": "b%3A0"
               },
               {
                  "key": "perm_toolbarVisible_widget_b4a06cba-5eed-4d62-8f64-26dc02dd868a_240ecfe2-d330-4530-9ee8-353616797f73",
                  "value": "b%3A1"
               },
               {
                  "key": "permBtn_splitGraphs_permMetricChart_widget_b4a06cba-5eed-4d62-8f64-26dc02dd868a_240ecfe2-d330-4530-9ee8-353616797f73",
                  "value": "b%3A0"
               },
               {
                  "key": "permMetricChart_widget_b4a06cba-5eed-4d62-8f64-26dc02dd868a_240ecfe2-d330-4530-9ee8-353616797f73",
                  "value": "o%3A"
               }
            ],
            "title": "Read Latency",
            "type": "MetricChart"
         },
         {
            "collapsed": false,
            "config": {
               "customFilter": {
                  "excludedResources": null,
                  "filter": [],
                  "includedResources": null
               },
               "depth": 10,
               "metric": {
                  "mode": "resourceKind",
                  "resourceKindMetrics": [{
                     "colorMethod": 2,
                     "id": "extModel4984-2",
                     "isStringMetric": false,
                     "metricKey": "virtualDisk:Aggregate of all instances|totalWriteLatency_average",
                     "metricName": "Virtual Disk:Aggregate of all Instances|Write Latency",
                     "metricUnitId": "msec",
                     "orangeBound": null,
                     "redBound": null,
                     "resourceKindId": "resourceKind:id:1_::_",
                     "resourceKindName": "Virtual Machine",
                     "unit": "ms",
                     "yellowBound": null
                  }],
                  "resourceMetrics": [],
                  "subMode": "resourceKindAll"
               },
               "refreshContent": {"refreshContent": false},
               "refreshInterval": 300,
               "relationshipMode": {"relationshipMode": -1},
               "resInteractionMode": null,
               "resource": [],
               "selfProvider": {"selfProvider": false},
               "title": "Write Latency"
            },
            "gridsterCoords": {
               "h": 9,
               "w": 6,
               "x": 7,
               "y": 6
            },
            "height": 495,
            "id": "dc0257c1-c83c-420a-a081-825d749dc33d",
            "states": [
               {
                  "key": "permBtn_stackedGraph_permMetricChart_widget_b4a06cba-5eed-4d62-8f64-26dc02dd868a_dc0257c1-c83c-420a-a081-825d749dc33d",
                  "value": "b%3A1"
               },
               {
                  "key": "permBtn_zoomAllGraphs_permMetricChart_widget_b4a06cba-5eed-4d62-8f64-26dc02dd868a_dc0257c1-c83c-420a-a081-825d749dc33d",
                  "value": "b%3A0"
               },
               {
                  "key": "permBtn_pan_permMetricChart_widget_b4a06cba-5eed-4d62-8f64-26dc02dd868a_dc0257c1-c83c-420a-a081-825d749dc33d",
                  "value": "b%3A0"
               },
               {
                  "key": "permDateRange1_permMetricChart_widget_b4a06cba-5eed-4d62-8f64-26dc02dd868a_dc0257c1-c83c-420a-a081-825d749dc33d",
                  "value": "s%3A%7B%22dateRange%22%3A%22dashboardTime%22%2C%22dateFrom%22%3Anull%2C%22dateTo%22%3Anull%2C%22timeFrom%22%3Anull%2C%22timeTo%22%3Anull%7D"
               },
               {
                  "key": "permMetricChart_widget_b4a06cba-5eed-4d62-8f64-26dc02dd868a_dc0257c1-c83c-420a-a081-825d749dc33d",
                  "value": "o%3A"
               },
               {
                  "key": "permBtn_splitGraphs_permMetricChart_widget_b4a06cba-5eed-4d62-8f64-26dc02dd868a_dc0257c1-c83c-420a-a081-825d749dc33d",
                  "value": "b%3A0"
               },
               {
                  "key": "perm_toolbarVisible_widget_b4a06cba-5eed-4d62-8f64-26dc02dd868a_dc0257c1-c83c-420a-a081-825d749dc33d",
                  "value": "b%3A1"
               }
            ],
            "title": "Write Latency",
            "type": "MetricChart"
         },
         {
            "collapsed": false,
            "config": {
               "customFilter": {
                  "excludedResources": null,
                  "filter": [],
                  "includedResources": null
               },
               "depth": 10,
               "metric": {
                  "mode": "resourceKind",
                  "resourceKindMetrics": [{
                     "colorMethod": 2,
                     "id": "extModel5797-1",
                     "isStringMetric": false,
                     "metricKey": "virtualDisk:Aggregate of all instances|numberReadAveraged_average",
                     "metricName": "Virtual Disk:Aggregate of all Instances|Read IOPS",
                     "metricUnitId": null,
                     "orangeBound": null,
                     "redBound": null,
                     "resourceKindId": "resourceKind:id:1_::_",
                     "resourceKindName": "Virtual Machine",
                     "unit": null,
                     "yellowBound": null
                  }],
                  "resourceMetrics": [],
                  "subMode": "resourceKindAll"
               },
               "refreshContent": {"refreshContent": false},
               "refreshInterval": 300,
               "relationshipMode": {"relationshipMode": -1},
               "resInteractionMode": null,
               "resource": [],
               "selfProvider": {"selfProvider": false},
               "title": "Read IOPS"
            },
            "gridsterCoords": {
               "h": 9,
               "w": 6,
               "x": 1,
               "y": 15
            },
            "height": 495,
            "id": "cd950620-41ef-4a2b-b492-a1697eb45607",
            "states": [
               {
                  "key": "permBtn_stackedGraph_permMetricChart_widget_b4a06cba-5eed-4d62-8f64-26dc02dd868a_cd950620-41ef-4a2b-b492-a1697eb45607",
                  "value": "b%3A1"
               },
               {
                  "key": "perm_toolbarVisible_widget_b4a06cba-5eed-4d62-8f64-26dc02dd868a_cd950620-41ef-4a2b-b492-a1697eb45607",
                  "value": "b%3A0"
               },
               {
                  "key": "permDateRange1_permMetricChart_widget_b4a06cba-5eed-4d62-8f64-26dc02dd868a_cd950620-41ef-4a2b-b492-a1697eb45607",
                  "value": "s%3A%7B%22dateRange%22%3A%22dashboardTime%22%2C%22dateFrom%22%3Anull%2C%22dateTo%22%3Anull%2C%22timeFrom%22%3Anull%2C%22timeTo%22%3Anull%7D"
               },
               {
                  "key": "permBtn_pan_permMetricChart_widget_b4a06cba-5eed-4d62-8f64-26dc02dd868a_cd950620-41ef-4a2b-b492-a1697eb45607",
                  "value": "b%3A0"
               },
               {
                  "key": "permMetricChart_widget_b4a06cba-5eed-4d62-8f64-26dc02dd868a_cd950620-41ef-4a2b-b492-a1697eb45607",
                  "value": "o%3A"
               },
               {
                  "key": "permBtn_zoomAllGraphs_permMetricChart_widget_b4a06cba-5eed-4d62-8f64-26dc02dd868a_cd950620-41ef-4a2b-b492-a1697eb45607",
                  "value": "b%3A0"
               },
               {
                  "key": "permBtn_splitGraphs_permMetricChart_widget_b4a06cba-5eed-4d62-8f64-26dc02dd868a_cd950620-41ef-4a2b-b492-a1697eb45607",
                  "value": "b%3A0"
               }
            ],
            "title": "Read IOPS",
            "type": "MetricChart"
         },
         {
            "collapsed": false,
            "config": {
               "customFilter": {
                  "excludedResources": null,
                  "filter": [],
                  "includedResources": null
               },
               "depth": 10,
               "metric": {
                  "mode": "resourceKind",
                  "resourceKindMetrics": [{
                     "colorMethod": 2,
                     "id": "extModel6491-1",
                     "isStringMetric": false,
                     "metricKey": "virtualDisk:Aggregate of all instances|numberWriteAveraged_average",
                     "metricName": "Virtual Disk:Aggregate of all Instances|Write IOPS",
                     "metricUnitId": null,
                     "orangeBound": null,
                     "redBound": null,
                     "resourceKindId": "resourceKind:id:1_::_",
                     "resourceKindName": "Virtual Machine",
                     "unit": null,
                     "yellowBound": null
                  }],
                  "resourceMetrics": [],
                  "subMode": "resourceKindAll"
               },
               "refreshContent": {"refreshContent": false},
               "refreshInterval": 300,
               "relationshipMode": {"relationshipMode": -1},
               "resInteractionMode": null,
               "resource": [],
               "selfProvider": {"selfProvider": false},
               "title": "Write IOPS"
            },
            "gridsterCoords": {
               "h": 9,
               "w": 6,
               "x": 7,
               "y": 15
            },
            "height": 495,
            "id": "e75ed610-0f4b-48ce-a5a6-4515b4442a77",
            "states": [
               {
                  "key": "permBtn_pan_permMetricChart_widget_b4a06cba-5eed-4d62-8f64-26dc02dd868a_e75ed610-0f4b-48ce-a5a6-4515b4442a77",
                  "value": "b%3A0"
               },
               {
                  "key": "permMetricChart_widget_b4a06cba-5eed-4d62-8f64-26dc02dd868a_e75ed610-0f4b-48ce-a5a6-4515b4442a77",
                  "value": "o%3A"
               },
               {
                  "key": "permBtn_splitGraphs_permMetricChart_widget_b4a06cba-5eed-4d62-8f64-26dc02dd868a_e75ed610-0f4b-48ce-a5a6-4515b4442a77",
                  "value": "b%3A0"
               },
               {
                  "key": "perm_toolbarVisible_widget_b4a06cba-5eed-4d62-8f64-26dc02dd868a_e75ed610-0f4b-48ce-a5a6-4515b4442a77",
                  "value": "b%3A0"
               },
               {
                  "key": "permDateRange1_permMetricChart_widget_b4a06cba-5eed-4d62-8f64-26dc02dd868a_e75ed610-0f4b-48ce-a5a6-4515b4442a77",
                  "value": "s%3A%7B%22dateRange%22%3A%22dashboardTime%22%2C%22dateFrom%22%3Anull%2C%22dateTo%22%3Anull%2C%22timeFrom%22%3Anull%2C%22timeTo%22%3Anull%7D"
               },
               {
                  "key": "permBtn_zoomAllGraphs_permMetricChart_widget_b4a06cba-5eed-4d62-8f64-26dc02dd868a_e75ed610-0f4b-48ce-a5a6-4515b4442a77",
                  "value": "b%3A0"
               },
               {
                  "key": "permBtn_stackedGraph_permMetricChart_widget_b4a06cba-5eed-4d62-8f64-26dc02dd868a_e75ed610-0f4b-48ce-a5a6-4515b4442a77",
                  "value": "b%3A1"
               }
            ],
            "title": "Write IOPS",
            "type": "MetricChart"
         },
         {
            "collapsed": false,
            "config": {
               "customFilter": {
                  "excludedResources": null,
                  "filter": [],
                  "includedResources": null
               },
               "depth": 10,
               "metric": {
                  "mode": "resourceKind",
                  "resourceKindMetrics": [{
                     "colorMethod": 2,
                     "id": "extModel7297-1",
                     "isStringMetric": false,
                     "metricKey": "virtualDisk|read_average",
                     "metricName": "Virtual Disk|Read Throughput",
                     "metricUnitId": "kbps",
                     "orangeBound": null,
                     "redBound": null,
                     "resourceKindId": "resourceKind:id:1_::_",
                     "resourceKindName": "Virtual Machine",
                     "unit": "KBps",
                     "yellowBound": null
                  }],
                  "resourceMetrics": [],
                  "subMode": "resourceKindAll"
               },
               "refreshContent": {"refreshContent": false},
               "refreshInterval": 300,
               "relationshipMode": {"relationshipMode": -1},
               "resInteractionMode": null,
               "resource": [],
               "selfProvider": {"selfProvider": false},
               "title": "Read Throughput"
            },
            "gridsterCoords": {
               "h": 9,
               "w": 6,
               "x": 1,
               "y": 24
            },
            "height": 495,
            "id": "20219d37-b15b-4d64-bb79-8e1cc82b8697",
            "states": [
               {
                  "key": "perm_toolbarVisible_widget_b4a06cba-5eed-4d62-8f64-26dc02dd868a_20219d37-b15b-4d64-bb79-8e1cc82b8697",
                  "value": "b%3A0"
               },
               {
                  "key": "permBtn_splitGraphs_permMetricChart_widget_b4a06cba-5eed-4d62-8f64-26dc02dd868a_20219d37-b15b-4d64-bb79-8e1cc82b8697",
                  "value": "b%3A0"
               },
               {
                  "key": "permBtn_stackedGraph_permMetricChart_widget_b4a06cba-5eed-4d62-8f64-26dc02dd868a_20219d37-b15b-4d64-bb79-8e1cc82b8697",
                  "value": "b%3A1"
               },
               {
                  "key": "permDateRange1_permMetricChart_widget_b4a06cba-5eed-4d62-8f64-26dc02dd868a_20219d37-b15b-4d64-bb79-8e1cc82b8697",
                  "value": "s%3A%7B%22dateRange%22%3A%22dashboardTime%22%2C%22dateFrom%22%3Anull%2C%22dateTo%22%3Anull%2C%22timeFrom%22%3Anull%2C%22timeTo%22%3Anull%7D"
               },
               {
                  "key": "permMetricChart_widget_b4a06cba-5eed-4d62-8f64-26dc02dd868a_20219d37-b15b-4d64-bb79-8e1cc82b8697",
                  "value": "o%3A"
               },
               {
                  "key": "permBtn_zoomAllGraphs_permMetricChart_widget_b4a06cba-5eed-4d62-8f64-26dc02dd868a_20219d37-b15b-4d64-bb79-8e1cc82b8697",
                  "value": "b%3A0"
               },
               {
                  "key": "permBtn_pan_permMetricChart_widget_b4a06cba-5eed-4d62-8f64-26dc02dd868a_20219d37-b15b-4d64-bb79-8e1cc82b8697",
                  "value": "b%3A0"
               }
            ],
            "title": "Read Throughput",
            "type": "MetricChart"
         },
         {
            "collapsed": false,
            "config": {
               "customFilter": {
                  "excludedResources": null,
                  "filter": [],
                  "includedResources": null
               },
               "depth": 10,
               "metric": {
                  "mode": "resourceKind",
                  "resourceKindMetrics": [{
                     "colorMethod": 2,
                     "id": "extModel8005-1",
                     "isStringMetric": false,
                     "metricKey": "virtualDisk|write_average",
                     "metricName": "Virtual Disk|Write Throughput",
                     "metricUnitId": "kbps",
                     "orangeBound": null,
                     "redBound": null,
                     "resourceKindId": "resourceKind:id:1_::_",
                     "resourceKindName": "Virtual Machine",
                     "unit": "KBps",
                     "yellowBound": null
                  }],
                  "resourceMetrics": [],
                  "subMode": "resourceKindAll"
               },
               "refreshContent": {"refreshContent": false},
               "refreshInterval": 300,
               "relationshipMode": {"relationshipMode": -1},
               "resInteractionMode": null,
               "resource": [],
               "selfProvider": {"selfProvider": false},
               "title": "Write Throughput"
            },
            "gridsterCoords": {
               "h": 9,
               "w": 6,
               "x": 7,
               "y": 24
            },
            "height": 495,
            "id": "dfcce52b-78ac-495c-848e-1fad266b69ca",
            "states": [
               {
                  "key": "perm_toolbarVisible_widget_b4a06cba-5eed-4d62-8f64-26dc02dd868a_dfcce52b-78ac-495c-848e-1fad266b69ca",
                  "value": "b%3A0"
               },
               {
                  "key": "permDateRange1_permMetricChart_widget_b4a06cba-5eed-4d62-8f64-26dc02dd868a_dfcce52b-78ac-495c-848e-1fad266b69ca",
                  "value": "s%3A%7B%22dateRange%22%3A%22dashboardTime%22%2C%22dateFrom%22%3Anull%2C%22dateTo%22%3Anull%2C%22timeFrom%22%3Anull%2C%22timeTo%22%3Anull%7D"
               },
               {
                  "key": "permBtn_splitGraphs_permMetricChart_widget_b4a06cba-5eed-4d62-8f64-26dc02dd868a_dfcce52b-78ac-495c-848e-1fad266b69ca",
                  "value": "b%3A0"
               },
               {
                  "key": "permMetricChart_widget_b4a06cba-5eed-4d62-8f64-26dc02dd868a_dfcce52b-78ac-495c-848e-1fad266b69ca",
                  "value": "o%3A"
               },
               {
                  "key": "permBtn_pan_permMetricChart_widget_b4a06cba-5eed-4d62-8f64-26dc02dd868a_dfcce52b-78ac-495c-848e-1fad266b69ca",
                  "value": "b%3A0"
               },
               {
                  "key": "permBtn_zoomAllGraphs_permMetricChart_widget_b4a06cba-5eed-4d62-8f64-26dc02dd868a_dfcce52b-78ac-495c-848e-1fad266b69ca",
                  "value": "b%3A0"
               }
            ],
            "title": "Write Throughput",
            "type": "MetricChart"
         }
      ]
   }],
   "entries": {"resourceKind": [
      {
         "adapterKindKey": "VMWARE",
         "internalId": "resourceKind:id:1_::_",
         "resourceKindKey": "VirtualMachine"
      },
      {
         "adapterKindKey": "VMWARE",
         "internalId": "resourceKind:id:0_::_",
         "resourceKindKey": "ClusterComputeResource"
      }
   ]},
   "uuid": "32da5040-4b20-4ebe-b6de-4c91bc7eb272"
}